,SalePrice
0,102603.93429976399
1,171653.94970821578
2,180124.60627797875
3,184722.13117006596
4,224828.86736133357
5,163291.64157742518
6,167723.9125494312
7,155031.03832062474
8,219671.31219027448
9,110250.7470860451
10,174449.90120265295
11,84712.49084536964
12,80170.54142429715
13,132446.1501926009
14,65664.9432073629
15,352824.221705306
16,273222.0181923718
17,305943.9254453799
18,323026.99288534035
19,411485.59557918913
20,337881.55549107154
21,236401.2941102835
22,187260.23210233892
23,159923.7131891197
24,208888.47603763884
25,203309.28486250283
26,343759.8008720075
27,242597.3299870697
28,216804.76304590015
29,250449.5049060909
30,204601.6569076283
31,87953.37897200044
32,216501.26606506156
33,320512.18526790675
34,307411.6359435236
35,234874.146217642
36,176643.07707580575
37,178402.74679214717
38,173103.89473808242
39,166973.06368245406
40,188041.43021463056
41,146041.64346918184
42,296928.11861770763
43,242791.1657970061
44,232505.8280117961
45,190867.6141408633
46,232863.4309189252
47,198174.52041762648
48,159841.82428612118
49,152964.96529853018
50,157138.22135652974
51,178141.1774609181
52,148965.787382729
53,161608.26724257495
54,203991.16461705032
55,159260.7212159559
56,180315.89897164423
57,117813.73680151475
58,211951.6637743885
59,130646.2277220278
60,132828.24836955674
61,184186.99699863966
62,97507.52459182905
63,110735.20955729217
64,108175.58470839693
65,94711.25505632896
66,97722.60895856458
67,122232.84815792041
68,152589.91209743987
69,204802.3860627598
70,144358.7038929033
71,103548.31127247971
72,166998.85474942788
73,123458.94448809861
74,153760.6418138413
75,108032.24682143785
76,40491.04013862857
77,166478.722420444
78,206220.68768141489
79,117808.12568523746
80,141666.5958482999
81,149466.67249435862
82,200391.69354127022
83,93528.70944565814
84,114443.27822392446
85,156210.22214367322
86,152559.31294627103
87,145557.48739592324
88,129374.22637510754
89,151655.05105921754
90,105944.378468354
91,144248.64762646903
92,176184.39316656766
93,107643.17667867837
94,171052.8795153919
95,67993.12012960215
96,98814.731970096
97,81299.43937451311
98,100583.84923113044
99,140894.36481253756
100,124921.91165188479
101,132718.395758698
102,120329.89471185475
103,151667.981625097
104,148593.94950214366
105,255590.7834943462
106,52777.239726530504
107,237683.22068722488
108,118053.48748400388
109,136735.36191338918
110,122074.63469568104
111,134569.8039603402
112,254471.62797490787
113,134123.60991415556
114,253422.2864453101
115,243545.50950466178
116,186148.18777962355
117,129368.83340162877
118,139874.1608243446
119,188570.23276281927
120,161692.4281993492
121,121477.51281240408
122,274082.9024257625
123,215111.57288794464
124,141354.35357376758
125,33663.0851489373
126,94325.24614290916
127,174607.35096938012
128,94024.35245880263
129,118419.25669631921
130,92740.78808552772
131,110272.96101857524
132,126264.47618762462
133,127679.74485728482
134,121027.87610254786
135,227015.29794406495
136,211469.20782012818
137,230814.5819186892
138,188170.261212894
139,168347.01786599623
140,41994.68905394571
141,121561.25864813814
142,83592.2430765616
143,280524.14333340956
144,234980.8560402271
145,158544.7879632085
146,156478.03283025778
147,214382.4589521077
148,197780.41117614775
149,159019.57345254684
150,151811.94381493516
151,185278.58231144212
152,159025.0481008184
153,144361.4368073917
154,87391.97462338686
155,64597.54020401521
156,70624.96902183222
157,111133.31978202052
158,151558.73263704346
159,156922.77839306893
160,142534.7202229324
161,140151.42642419576
162,271015.8455196974
163,231372.2015355766
164,101060.81088010606
165,172648.6575894372
166,184786.6598880759
167,279245.15413761884
168,188920.66508463398
169,329039.6168108982
170,241511.607048771
171,261534.86125255597
172,191032.53132622864
173,189465.22033649683
174,178994.2486384142
175,149643.36195470009
176,188437.82314565347
177,189925.51290319057
178,179335.7063620051
179,245661.91565427033
180,182144.12777835282
181,261589.88320851093
182,220284.0794985788
183,240113.1361184218
184,200233.69681853417
185,162254.53848678956
186,149042.8476823141
187,125655.8416859057
188,137323.75699764432
189,103595.35088004917
190,104504.0539920656
191,82534.5220609007
192,80875.06440079433
193,136317.50140171626
194,107690.39243817341
195,133388.91170618008
196,142222.1068280239
197,149656.56157117104
198,74414.71119176084
199,158335.39617956744
200,378307.98535008624
201,348877.80604190857
202,353234.41177674953
203,410241.6051215456
204,306792.47954048496
205,345935.91687021137
206,362132.6300966478
207,338944.28954175126
208,312366.5851365124
209,343664.45696217904
210,290834.84760967107
211,355155.86785538413
212,298250.1195651783
213,258837.01271888148
214,231552.83390955545
215,231590.19013219653
216,238726.61051010515
217,415995.30743439274
218,375493.86143376736
219,320295.29720570415
220,268654.93332607823
221,341303.66230406903
222,208522.88384560822
223,176027.70807753294
224,186763.14944604458
225,163271.93800305575
226,186648.2050745861
227,199047.31662101625
228,198153.79564914107
229,204265.41996591212
230,194799.15504856326
231,250792.6307647518
232,190765.755933463
233,176548.39134643902
234,165889.70960236585
235,259792.6537341706
236,157717.00888463738
237,340936.0071274919
238,332949.06749050145
239,285728.5684297255
240,299791.6245789215
241,231301.13987952902
242,235515.90012065787
243,266898.2570453868
244,262621.38088002114
245,332526.0412684552
246,230649.71969199623
247,215832.84283817594
248,247275.8751585905
249,227633.81244562066
250,270534.0163941148
251,262514.07482916175
252,265693.0244130872
253,225790.31905294443
254,219578.94504669262
255,183257.26696796936
256,183240.86591148726
257,145682.65578713908
258,239486.74419818725
259,246049.3288244123
260,168862.34921443206
261,137238.88269711356
262,159970.18289971782
263,211248.34847559757
264,233839.03656623152
265,189397.59889008908
266,158170.52316623053
267,183652.50619519234
268,168752.35964494268
269,144344.89472650771
270,123238.12206454715
271,110468.16548918479
272,102117.43553996528
273,114610.59286679432
274,127094.95393929933
275,93737.20481656515
276,269461.11971708713
277,286823.324918114
278,224395.4570651322
279,217454.838842634
280,192467.66393107118
281,182387.7723625576
282,190012.66915918374
283,294631.197790031
284,231401.12127089314
285,182395.968391316
286,216106.82061996358
287,197863.06559069955
288,157684.86271060794
289,124198.01798307546
290,245169.85949254385
291,102435.10193217406
292,157626.61738843832
293,190327.65231203078
294,175236.8191737018
295,123982.66609451338
296,115162.93501004088
297,144819.45436788793
298,171547.64519473317
299,173089.86182435125
300,158164.49909382965
301,166720.7350994537
302,220929.97262657702
303,112009.8371416335
304,164177.69217263442
305,185747.99359955965
306,206370.7527611754
307,143577.72276114102
308,161715.39871773042
309,163803.2491585611
310,126372.30868503591
311,139523.89448993863
312,113854.66433782096
313,146501.8530080727
314,147321.94503297703
315,145285.8179286128
316,88948.11745534325
317,156446.84095400467
318,127729.93627278297
319,166168.29686362774
320,129200.90364529018
321,58024.66669742693
322,136017.2838847764
323,100131.47940708813
324,134910.0534506006
325,142855.98305885098
326,165340.73811964167
327,13237.88147442427
328,107353.35508884152
329,66395.88026008487
330,170938.2935879199
331,153317.9941239839
332,120886.9132947775
333,172718.62839076098
334,139372.90016850329
335,162709.37822815997
336,118391.3252524035
337,125734.62901170645
338,97439.31574434834
339,145315.67864858685
340,106218.07364731375
341,124918.8721547206
342,147750.01243271457
343,130861.28072460706
344,139283.73632525094
345,129146.94042833254
346,169892.0307393726
347,149040.07058218727
348,146459.56771107868
349,151145.0742122596
350,77864.65696824051
351,101929.50432169379
352,125711.12637819618
353,75374.81608286977
354,17072.40644855541
355,90697.43926978868
356,124259.55522871017
357,156976.8895458643
358,125221.2672765312
359,60944.71633182245
360,97134.1511627417
361,152567.3584340522
362,42241.21418621775
363,160003.25106790487
364,139853.3218049158
365,114652.33225384192
366,101438.17630693025
367,154781.22967744805
368,145707.5650176244
369,152815.54679993028
370,154224.31373079726
371,72988.83101187402
372,153094.93910291384
373,113012.85089906643
374,130301.52920260909
375,119122.7667692561
376,122685.62274035055
377,120349.60896288068
378,48378.61236393568
379,159570.7109338009
380,152444.7126759754
381,91880.52030515124
382,134426.63618693757
383,170032.52272325172
384,143805.63917265553
385,160014.43982002698
386,176087.88057752687
387,4406.086575005669
388,114866.38274520775
389,122142.21009815019
390,168732.5276545434
391,131500.68541269517
392,130042.53947393212
393,164578.31466700893
394,181874.30125530285
395,221599.91027964582
396,140564.46268021397
397,127651.49377499614
398,110516.80983592593
399,154446.57757061487
400,109466.75594566332
401,263506.0934894503
402,249829.0138884544
403,249886.1678920159
404,338446.52636003203
405,305134.54614611366
406,212102.72753588087
407,271210.61305326445
408,210341.01734343194
409,218534.01144125778
410,263902.70881379826
411,189276.5093664024
412,239162.35154570884
413,129517.49431713694
414,186625.08414843702
415,192605.43759371398
416,208661.8460131723
417,213701.12617343664
418,133612.23197107133
419,117456.15125784418
420,237370.75835060212
421,237603.1003052143
422,185210.777641093
423,200061.72670373425
424,250378.10897320264
425,286886.5069627105
426,223735.59603182413
427,249266.73881534883
428,183962.81771542912
429,113949.01587472821
430,143536.43509104569
431,84821.12269336614
432,127388.12429276865
433,131665.92986128165
434,155063.82566507417
435,128606.48372496502
436,125675.70081355458
437,104092.43879775796
438,182877.76931071852
439,162882.22429590463
440,186873.14128407266
441,170393.76249273564
442,221375.38285001868
443,161234.623869268
444,205005.78202473407
445,128290.22378841671
446,226304.2242588651
447,79068.47228679818
448,132287.1228479545
449,102059.71723107703
450,231857.13151292456
451,313020.19693252246
452,156908.77790322306
453,47024.316348114284
454,322358.3618418715
455,48966.61951661506
456,253384.58845282055
457,125348.5820611607
458,175173.0592150744
459,167798.47666666715
460,336378.63211366197
461,312217.3699322264
462,246516.14650806272
463,235716.23588064848
464,208240.04095167317
465,341306.41413349344
466,135269.5331347814
467,170882.10781323363
468,117159.14062790072
469,137347.95288674638
470,130442.0983377595
471,140413.36287877988
472,195457.8918215545
473,167693.6308551837
474,173962.22669842571
475,207691.9754738314
476,183616.82243228238
477,184755.3550464072
478,282302.2725574685
479,214481.58728324517
480,166811.3783167036
481,189397.87619354937
482,255900.19703991502
483,364432.9712992086
484,388560.6753889284
485,133997.77769033925
486,294356.5529593609
487,175259.62055097753
488,242907.57946454058
489,188431.86084620864
490,257539.73872337316
491,232404.6075738069
492,189014.0548518576
493,193579.95768642775
494,143131.771861066
495,256099.01998975442
496,149498.38831137028
497,252326.10429311672
498,150187.15011778264
499,107893.67003977252
500,125614.51152507798
501,84584.93474598275
502,91681.79634872824
503,95174.03408252646
504,124629.6910534784
505,109183.81005426194
506,318898.97244726855
507,383830.6200783382
508,376629.4299225946
509,385975.30040758
510,414049.8870294717
511,356865.6082445885
512,316725.33939979214
513,328355.86142239545
514,447506.3410596176
515,291125.4258276274
516,338334.9645918446
517,351566.12549930403
518,315351.6786399194
519,230901.50861558737
520,323934.6759927041
521,240094.85686160787
522,232504.4464273788
523,205946.3051228465
524,224433.20772815344
525,203631.81924517988
526,216831.82177924737
527,181890.3899224142
528,200891.3143792753
529,210938.32945885241
530,252443.3334212281
531,216651.0895890816
532,170699.26875393337
533,215858.71274467837
534,177368.56468267704
535,288682.99891621096
536,333968.32292949746
537,317011.5668068669
538,316429.81026243686
539,320003.6380294111
540,319597.7067045333
541,246694.9691977445
542,258569.4492672067
543,294119.3581523899
544,243888.24438617064
545,234132.60469322745
546,248762.8593624615
547,246443.06903460564
548,206596.36403185828
549,197877.95036419493
550,152774.73907760915
551,180206.09993945528
552,187437.17099089758
553,196189.5152790791
554,226091.02922750823
555,196198.7095617837
556,203627.90668899915
557,108927.64048236562
558,122892.68178393668
559,87110.70077238453
560,107732.03900966223
561,189634.39770557976
562,147018.11745959893
563,316808.4736407135
564,359473.86654860305
565,174203.36128027015
566,169170.4255396187
567,159140.10808014649
568,162735.14593561925
569,246770.13102337415
570,226724.83528310212
571,236658.57104620722
572,233235.77723552578
573,180863.2428323304
574,208937.9269301726
575,204886.55736751657
576,207704.03955995396
577,296627.2262516349
578,249117.89158226585
579,276836.99347386893
580,288360.7763329111
581,211607.642779849
582,164833.504567181
583,177491.97030429612
584,200354.37095984677
585,128729.68926382391
586,133156.09665023943
587,141902.01788952958
588,132038.51916136337
589,171538.91533015016
590,102014.30603054445
591,116909.5548966009
592,144666.56732356513
593,72824.03916104895
594,158399.27581653732
595,156008.03744684486
596,110389.66518896155
597,217260.1349902281
598,133137.3658447786
599,175211.21045702416
600,166250.98798650445
601,121853.64908142947
602,121437.86382540793
603,136305.0614893306
604,129331.99047099438
605,171757.21073513792
606,112582.10385959281
607,142265.20977924578
608,81294.2389664452
609,106260.22761388798
610,77145.73185669095
611,142120.53369101835
612,127946.85477435996
613,169296.56008571282
614,161803.36023029243
615,105101.90425864479
616,159764.50501403678
617,119436.09388345305
618,131661.57092155062
619,94408.67344791978
620,117178.71840146068
621,136068.42288977746
622,157820.52991679125
623,84311.09424621798
624,97906.26776902343
625,119507.40490833262
626,114537.0491748912
627,101306.24236254883
628,47783.64032810426
629,136330.6292183065
630,108341.38231682603
631,126057.25207067805
632,137219.31817250245
633,139338.92509304883
634,140272.89080632932
635,82826.22850468068
636,91894.39337859058
637,150836.79879411997
638,2175.9438874968328
639,61931.89657091128
640,111697.79950284865
641,125324.22591507225
642,103293.23796507623
643,155216.62704043428
644,149841.08204973768
645,12115.13820949581
646,190470.19297953078
647,110775.35985034332
648,105031.22813149868
649,138840.55744960997
650,159913.11912707472
651,152517.30160888983
652,133658.51977207
653,128908.10943858617
654,179508.17960827693
655,122640.14334469568
656,141065.3208362551
657,151840.00010292663
658,107025.66586892714
659,106722.98435775912
660,80161.55332512851
661,112052.30819554324
662,83295.19313365791
663,176271.97864429653
664,134191.6120373879
665,169488.16619295056
666,163096.49488419318
667,143575.52472724963
668,87046.51697289804
669,136805.70205060358
670,137373.14698780293
671,129812.87728380912
672,124092.41443129547
673,128836.99253581115
674,77890.06524943642
675,78767.72423115314
676,106994.72933056892
677,147545.91883380793
678,137057.62798461888
679,137614.86271845875
680,185946.28265695204
681,127373.03483301576
682,145532.68954525643
683,116965.10066643904
684,133403.81539694115
685,177628.3606402726
686,140877.83804428438
687,153469.1741605791
688,155624.501592641
689,242494.98537001736
690,109954.15101910266
691,189571.57086005434
692,179155.2304162098
693,104379.47478579392
694,141752.17992221517
695,247689.1829952777
696,228978.97888718906
697,245349.37750030786
698,229416.7653818098
699,204932.3346899564
700,223388.81469048827
701,312910.9666409524
702,313746.87433323066
703,252488.29785015073
704,223096.23589619272
705,147924.1344424626
706,226534.70264271216
707,186291.34459922113
708,202249.7723609727
709,214905.05095573782
710,157497.045437261
711,138924.25752143096
712,168550.13041947794
713,219721.22494969564
714,274172.20886115776
715,303761.9865432173
716,236779.20417848323
717,213492.98674611037
718,135332.9182950802
719,215514.20237945195
720,201260.48822558357
721,218213.66550504684
722,198565.3840606896
723,124534.37803208176
724,157954.63196325675
725,156593.59809857153
726,147836.34913154622
727,157972.27065813658
728,261905.21063975687
729,76447.80736446113
730,80210.84063962707
731,79861.77503231424
732,125604.91700925247
733,107949.08864313248
734,105954.05024535127
735,107406.64608914021
736,124884.7762366886
737,148840.49221840943
738,178954.4457139913
739,160638.36919678748
740,166066.24225801975
741,210624.88399569597
742,154999.31040398253
743,195513.8812706382
744,134604.75675488054
745,159445.48352499818
746,226633.6413361564
747,246837.28597614565
748,244152.70806428813
749,109581.68165525759
750,117226.26310059451
751,97824.30655074504
752,117060.99433585303
753,142560.30236082408
754,92883.03696365829
755,154842.32907984836
756,-27005.921985115623
757,74074.47510944132
758,45055.73843913176
759,44751.47388323024
760,321398.9070253043
761,293660.9751224173
762,267060.1757631819
763,203282.8176360255
764,124722.25237834232
765,178776.019325261
766,196493.02896129678
767,279325.287957964
768,254692.16388052038
769,153181.2779519969
770,220883.82407248497
771,170407.65110667783
772,205601.07902183384
773,249211.6017865528
774,231909.46198259923
775,245009.25722559914
776,272262.467284204
777,203421.30551672832
778,108752.79721672076
779,145363.30069007806
780,154105.32143944793
781,117144.75403551
782,134290.38574713038
783,106408.49792431341
784,124881.41657598899
785,153503.8935808587
786,114401.30283112288
787,106832.736841104
788,109397.05526225315
789,117650.77428155497
790,126152.67035297677
791,176580.7306196416
792,161232.7899504261
793,191586.84507514187
794,183362.8250309896
795,180953.92373705457
796,181981.44009071134
797,154243.19563964312
798,168893.76068095386
799,152012.4826306689
800,243418.38301179896
801,261021.32417554164
802,358490.3242386413
803,400649.47059554595
804,169319.34359143965
805,309476.96986345085
806,365186.36882409116
807,409575.6013980167
808,159769.4227111073
809,206087.45879395923
810,210548.4983615824
811,215152.85989594704
812,164311.18095871096
813,181057.63839967083
814,152160.96131679206
815,205315.46990931954
816,168687.1485108171
817,146816.40294032206
818,122672.38787027134
819,104494.53137467324
820,154126.99013879301
821,172912.32043406426
822,98990.7080492538
823,109526.73705208325
824,108910.36230719124
825,118489.90873869474
826,378236.3229444149
827,308410.37996362604
828,358106.02467467624
829,417367.70907417906
830,346593.172586104
831,397520.36584947316
832,413779.8378648256
833,370992.9206982957
834,415726.6817124373
835,297309.0482518395
836,376733.74652532244
837,357087.31601499405
838,329412.7406258803
839,323883.5514838203
840,338814.23358441994
841,274990.3889839314
842,272200.25314550067
843,287937.75140307145
844,243086.2973657644
845,227928.02543341892
846,234244.62205889053
847,236064.6213771354
848,291246.9120192083
849,246366.742938358
850,225501.16782736732
851,185146.82721975527
852,173451.25168994535
853,177315.41058731882
854,196023.75799473329
855,213789.09074658237
856,194894.8235237752
857,195419.46980356122
858,194015.11949074606
859,185805.64369323174
860,237743.13004776987
861,200945.51397758408
862,216582.82863909553
863,206229.1633997811
864,226182.89980510087
865,191558.86242115905
866,202547.9744240382
867,223391.80301780743
868,183663.0136891388
869,169677.57900202565
870,343712.94048897515
871,374054.8411204567
872,323295.6711133247
873,295941.9299669927
874,312275.924884696
875,311623.06519439793
876,208908.0232152196
877,256750.39198818663
878,244384.6374499097
879,356476.54817217204
880,227858.1400483502
881,243930.63172246807
882,239605.07251672295
883,227631.90421650978
884,241257.70878225984
885,228437.7793939365
886,216646.5986616169
887,259098.48909669823
888,215694.4717740718
889,306380.84718769696
890,281091.84031641856
891,250652.34047738172
892,251422.49360329832
893,151938.69698130235
894,156471.95542264765
895,165162.09253551345
896,186829.89546862035
897,212204.33341547404
898,107260.70383265323
899,112434.43925057154
900,138842.30707604042
901,248084.98139921704
902,145780.5057962148
903,186897.29608438292
904,205090.42101895378
905,195715.8371001893
906,218164.9986971576
907,214164.11939815525
908,214177.3929042283
909,163076.47672421148
910,172654.98481463117
911,208153.3245239678
912,289016.2494426328
913,283281.1940894753
914,243984.03255987295
915,273030.10048359015
916,318908.37293187773
917,134145.3631957936
918,191462.50689640804
919,143329.36537252646
920,173714.01902746956
921,211409.55799798772
922,195093.37008383055
923,233404.79905683897
924,163389.95871727483
925,129654.85539780301
926,136250.75422890123
927,111099.41148767667
928,144969.85554830707
929,162304.94177776063
930,144574.4865876009
931,117707.07223973959
932,165879.8611713798
933,151191.93074811308
934,188128.433853099
935,138581.8482072755
936,217551.37457155855
937,110821.4885438889
938,52181.00333000056
939,37362.237725947634
940,111252.42467508768
941,147176.01513058494
942,132772.73319475586
943,155800.5434015639
944,158142.8104937703
945,133068.71173893008
946,108480.34056820488
947,150518.5340654055
948,119863.36218902632
949,170232.99439678935
950,107062.72621005459
951,161450.75213457376
952,131516.5290171596
953,164713.31260070566
954,133409.24394465878
955,138231.98187105672
956,133208.3051257414
957,129490.68284483638
958,108557.4664229101
959,116626.59388057189
960,189415.66547776794
961,105237.99146569625
962,132387.44265289372
963,148150.3118544201
964,203385.21446788416
965,131956.4220260845
966,164118.90368262376
967,179642.45176395366
968,102099.76707128214
969,122865.35736070422
970,105644.54546065803
971,155502.0515327911
972,154280.2527418479
973,153316.4017196194
974,160230.11347640597
975,99478.91198356776
976,97783.8820350226
977,103823.00418846356
978,98976.72865090705
979,123430.58349783882
980,86715.54974661651
981,89618.5982634041
982,134747.50713038887
983,145891.34264452313
984,87867.5233040892
985,145550.75369862036
986,202055.22648331663
987,144902.31128262763
988,113977.31933762785
989,167181.50286365428
990,132298.8781229742
991,191774.2161851254
992,90250.7986904576
993,112872.17331674043
994,128146.31918373134
995,133089.690533945
996,136378.88733303058
997,148624.54165891407
998,106477.58258313581
999,154404.82276018336
1000,133962.27886820235
1001,133525.1643752769
1002,154069.91080761293
1003,168106.33717988036
1004,145385.14609973098
1005,108260.07707921241
1006,135258.53303888987
1007,100340.30065641622
1008,93294.84390525962
1009,193728.82323801285
1010,207419.85666319553
1011,180339.93766042124
1012,94100.05645579821
1013,34031.79163710296
1014,195999.96775463445
1015,94553.75324507477
1016,120024.34988477093
1017,154580.12508536468
1018,100202.12357770407
1019,172638.30337170954
1020,126696.42716771818
1021,110995.54370247887
1022,106374.33182022104
1023,119337.30445386795
1024,119558.41157428466
1025,152248.69323712366
1026,185432.30239114678
1027,162953.09876431874
1028,160408.52919742127
1029,135314.99342679465
1030,76252.92025726486
1031,200524.42561794317
1032,181158.01643745392
1033,156351.1643023343
1034,80327.79177155404
1035,245095.02151193738
1036,156753.40284347837
1037,94776.93603926676
1038,80902.23103538284
1039,98672.34741182276
1040,128571.56750275183
1041,141166.33354030526
1042,92794.72566090582
1043,188318.71278448752
1044,222686.6683756353
1045,243231.15313541004
1046,278603.99331674573
1047,242223.16665251215
1048,217671.78662615828
1049,211485.85258491628
1050,176387.4489819837
1051,222504.69664314308
1052,224952.23820235196
1053,345232.2225730169
1054,152562.60739748308
1055,175601.1327734032
1056,136597.89280135825
1057,155581.89035332284
1058,261299.52214360936
1059,220426.46213670622
1060,190535.7460992419
1061,223831.24333354703
1062,121630.69175319362
1063,144752.92350473616
1064,148721.55701660493
1065,165929.27407174988
1066,132354.16534034372
1067,117755.02836999972
1068,138401.9808169707
1069,121116.03143333085
1070,254566.16574568278
1071,220094.65528987418
1072,193290.04378349078
1073,262205.87772310525
1074,264374.1546716242
1075,237003.500841546
1076,268976.6438882451
1077,193106.83416309464
1078,191971.34425416682
1079,196973.47824176657
1080,184654.32894510985
1081,174705.30871155532
1082,136370.72373452305
1083,112492.81020935928
1084,148540.32815512142
1085,123291.42713209591
1086,131603.940195538
1087,155707.24564719712
1088,154191.56656924146
1089,448194.2936069643
1090,153487.94459404366
1091,102069.7317357068
1092,61014.1041074259
1093,94786.26228134928
1094,100315.77786776831
1095,80330.08295562107
1096,99847.97726987768
1097,172325.80437050236
1098,167642.16381003417
1099,166533.70788031816
1100,155862.03423830494
1101,160475.90805293003
1102,145696.93169318116
1103,205750.22603096568
1104,170373.8458852613
1105,180653.9955974148
1106,144916.53164866392
1107,212808.243847116
1108,234375.78409944207
1109,103581.41647722619
1110,203480.4048920069
1111,148377.6554773614
1112,229793.6397888416
1113,322305.2387324573
1114,138141.49256926158
1115,141700.69865430635
1116,169785.72890883475
1117,70136.54890296084
1118,16837.688926966046
1119,117923.25698674831
1120,119658.51394861657
1121,147116.0994020861
1122,300288.14575479785
1123,196179.10870213015
1124,200545.10673201212
1125,227978.0871144135
1126,194140.06296091492
1127,111385.03950927057
1128,146513.27627024846
1129,193084.5049521518
1130,236669.7528398661
1131,221347.3738266196
1132,263432.1617382789
1133,186762.10906751722
1134,213438.77783508773
1135,269313.04913852946
1136,187536.79753266694
1137,284468.98360096454
1138,318819.8905264925
1139,206979.05984543904
1140,137225.29769790685
1141,64840.27683869505
1142,94618.20496555278
1143,82643.35268212773
1144,59056.86969295156
1145,153099.20490311342
1146,203968.455337118
1147,194148.50248697668
1148,165020.56751150463
1149,114606.56675340608
1150,137552.85350423434
1151,164217.39040677284
1152,122728.83941743663
1153,107552.36949003185
1154,164114.61743603426
1155,159172.87801424495
1156,184316.79903396254
1157,248536.42560846033
1158,192983.5775711547
1159,167515.4387783017
1160,169944.33063376113
1161,174634.3054934335
1162,227714.87081388105
1163,292033.4564424879
1164,294930.8027068714
1165,165499.52394560748
1166,171745.9052294324
1167,431985.4502981071
1168,440347.66815609543
1169,387066.5292936674
1170,404433.4280669148
1171,383115.28593611496
1172,316811.77502116596
1173,397084.6214272907
1174,153975.7182072869
1175,156206.02433705004
1176,196534.36391293316
1177,267704.1679205131
1178,193888.27607087465
1179,141852.88197150815
1180,88720.39330272621
1181,169331.14281472296
1182,87095.00990707113
1183,121008.67291051254
1184,92851.78414393717
1185,78773.45540658443
1186,90502.2426665813
1187,123545.01852989581
1188,154810.39915208914
1189,89909.59647024958
1190,131751.17323104432
1191,363606.8901293244
1192,276551.44493834104
1193,289908.54087986716
1194,381725.8167180194
1195,339055.55262996827
1196,351815.16077511024
1197,331769.97852074576
1198,341483.7939086986
1199,367342.9646423339
1200,365180.42001339665
1201,369264.4533638564
1202,308094.9289302862
1203,287789.41759683006
1204,326294.28302295215
1205,294816.78444425657
1206,190520.6879884987
1207,188476.27625884768
1208,202400.91103008937
1209,264489.27328940947
1210,197038.70168169925
1211,196805.5860907447
1212,189370.92292989185
1213,194276.8996836166
1214,193271.2154877812
1215,199154.28847334394
1216,192695.969581075
1217,235756.9494312494
1218,300470.0042491682
1219,316573.21323898144
1220,360038.5834096394
1221,320745.7113969318
1222,419730.150780724
1223,343833.8723897956
1224,336281.20272151695
1225,267018.15527918295
1226,282594.9691673904
1227,229749.3889194529
1228,226222.13293909212
1229,332324.03721003013
1230,204711.7899349602
1231,153386.29561791092
1232,211850.7753081806
1233,163680.60957059253
1234,195788.63290859305
1235,186775.06394900568
1236,167881.70815561223
1237,209564.9454383424
1238,165109.30020000832
1239,151071.29665073648
1240,155140.0900345369
1241,113906.92200527946
1242,130433.58328057383
1243,154217.27232523542
1244,103384.44210711168
1245,89147.92724338442
1246,114323.58175131539
1247,132116.17463697132
1248,112117.91659246606
1249,122003.47361829481
1250,314293.44637274684
1251,378987.34138336417
1252,165140.67367819021
1253,148445.51546657772
1254,180296.12537578202
1255,140522.66814775206
1256,217854.29976323328
1257,224886.68406097032
1258,132637.21889755467
1259,169136.4391337816
1260,120958.53193250054
1261,170511.1506667873
1262,151145.1080956515
1263,131432.00844824244
1264,120565.97065984085
1265,123312.99491532694
1266,170536.45059983886
1267,196900.96559203125
1268,140448.61706501013
1269,147534.9336276811
1270,115912.6917256189
1271,143551.23789722286
1272,155265.38366038294
1273,145441.73629743012
1274,139599.82133856474
1275,139479.8501713398
1276,109762.0650887466
1277,122983.16138783237
1278,141653.3851461477
1279,129823.59942452493
1280,144810.882219131
1281,163417.18117582076
1282,165184.4121563224
1283,152531.37583396654
1284,148485.4590511578
1285,129366.45231644309
1286,181751.15971042798
1287,126072.51553395716
1288,133860.22098356206
1289,126647.91769142565
1290,132263.35278633283
1291,222731.15798277047
1292,156061.71062297886
1293,169507.99371715356
1294,132426.07690012734
1295,78803.79950977431
1296,60119.19297320326
1297,47075.803583856556
1298,162451.63141855295
1299,120612.32127020427
1300,132057.67289404816
1301,141616.26539773168
1302,174701.50621214602
1303,170960.79550070525
1304,261755.30471256585
1305,129427.03733946709
1306,87320.68197865831
1307,144257.88037524326
1308,142174.2861810706
1309,132154.61880314362
1310,89805.44847977883
1311,96496.76214324264
1312,175833.67335504596
1313,150186.88541561598
1314,129875.97540188953
1315,159786.01100366225
1316,151802.66791516414
1317,105819.32655914489
1318,126721.29807323415
1319,111279.97968101769
1320,87482.46629926749
1321,91659.01068442338
1322,108347.68667141849
1323,110526.83888799849
1324,140702.4151663707
1325,27057.879662281717
1326,121881.24494515208
1327,54494.41530699213
1328,160989.23803664127
1329,109955.09155465511
1330,114729.81566329545
1331,37769.18406929774
1332,161233.67338344757
1333,112512.97503260139
1334,130929.48726372956
1335,97719.77645304357
1336,196614.79892299243
1337,113340.11951048335
1338,87663.34445542342
1339,83261.17822987388
1340,110367.93025438208
1341,135967.75072156254
1342,154871.09765512857
1343,142907.07858284155
1344,100880.60321771132
1345,70996.27398179332
1346,147369.0453424278
1347,153716.90193371067
1348,112976.63926130091
1349,120688.4464194373
1350,162336.36268376163
1351,167306.04181296995
1352,148312.30002255633
1353,146098.91176805634
1354,83487.00692750083
1355,213117.40612650802
1356,156707.47895557294
1357,117517.7515812706
1358,180517.52620866685
1359,146044.42181833647
1360,111514.77282569057
1361,188523.22420151462
1362,250245.92059033015
1363,169861.56425035698
1364,146829.79709146568
1365,136125.241518775
1366,134636.4401280235
1367,235730.25470005278
1368,211446.24038433144
1369,238888.5698875814
1370,193394.05932966678
1371,252643.03657200316
1372,311085.2820059067
1373,246756.4127453172
1374,245699.2959622913
1375,193236.44480825693
1376,173398.78792647447
1377,141009.3650898243
1378,175591.79073417082
1379,190653.3463521098
1380,206270.67662275257
1381,230687.31530202646
1382,148605.002193594
1383,165353.75076023792
1384,113126.64477787027
1385,207804.97721984563
1386,205959.19530080294
1387,225403.24477196683
1388,200504.53354782774
1389,257463.61524213385
1390,209073.10919258534
1391,229629.24340279296
1392,230833.14412349334
1393,141488.18973941205
1394,204053.04099075752
1395,205589.96406161948
1396,193045.89717499632
1397,213953.47678545164
1398,113655.27218987106
1399,142088.15673199552
1400,137759.13219795132
1401,204269.14897966606
1402,148698.87970555585
1403,239464.26280434616
1404,158200.5027442641
1405,133875.96236267546
1406,69440.07704272529
1407,86700.02720018488
1408,83151.40647313814
1409,144208.9132276444
1410,83963.05944021419
1411,-5421.812910809764
1412,102700.28372757265
1413,120842.57219973521
1414,99395.45362447202
1415,153268.24815812754
1416,137074.57491067483
1417,174806.65169275738
1418,150307.76278942532
1419,99010.99430204951
1420,167303.23613246775
1421,210503.25220653997
1422,214205.87562483049
1423,215055.707331512
1424,195225.79183812032
1425,239641.99144729564
1426,109623.15519277961
1427,151983.64337595738
1428,35593.24369790859
1429,47682.08349778259
1430,145399.3680669556
1431,27062.798530287924
1432,84665.5699413931
1433,58893.72786275635
1434,334426.6219602664
1435,287765.69453436916
1436,215315.2890493801
1437,139749.5942287458
1438,217247.85549257474
1439,148796.29759201768
1440,236538.0078153913
1441,201441.18095145305
1442,290699.8854704971
1443,329378.9578145592
1444,70855.61686344445
1445,204250.1692476248
1446,119161.34106744186
1447,109685.2205132558
1448,146668.90471509926
1449,64440.60947966704
1450,63802.70861402096
1451,154503.1151824469
1452,63465.10747195198
1453,62311.97460608615
1454,72760.08759966097
1455,69937.63804508
1456,167383.2937651605
1457,121231.57821833144
1458,214617.90753886232
